instrument	where	what	how	caution
The annual Tavola	Scilla and Piedimonte, every civil year that has one	An alphabetical index bound at the end of a year's register. Scilla's names BOTH SPOUSES and ALL FOUR PARENTS -- and marks a dead parent with «fu». A death Tavola is the same form, and for a married person the parents column carries the SPOUSE instead.	Read the A section and a whole year is one crop. Three brothers for Filippo Arena, a death bracketed to ten years by a single «fu», and then that death exact to the hour, all came out of twenty-seven Tavole read this way.	THE KEY CHANGES BETWEEN ADJACENT YEARS. 1818 alphabetises by the groom's GIVEN name, 1819 by surname. Some years have no A section at all. And the «Num. d'ordine» is the INDEX ROW, not the act number -- carry the DATE across and walk the register, which runs in date order.
The act-head montage	Unindexed marriage volumes, napoleonic and restauration	In these registers an opening puts the END of one act on the left page and the HEAD of the next on the right -- number, date, groom, age, trade, father. The napoleonic form adds the bride.	Crop that band (pct:52,18,46,26 at width 900), tile ten to a sheet, and a forty-act volume is four images instead of forty openings. 1815, 1816 and 1817 fell in an afternoon, against the 2,191 processetti thumbnails that had been budgeted.	It shows the GROOM. A woman's marriage still needs the Tavola or a second band. And find the volume's END -- these close on the sindaco's statement -- before writing any negative.
The marriage processetti	Scilla 1810-1865, Piedimonte 1841-1860, Briatico, Zambrone	The papers filed to get a licence: the BIRTH EXTRACTS of both spouses and the DEATH ACTS of dead parents, copied out of the PARISH books -- which begin decades before the state did.	Find the wrapper: «<year> | <folios> | N.o <bundle> | <comune> | Documenti per il Matrimonio di <A> e <B> | fogli <n>». Scan at five-image spacing, then step two. Scilla's 1815 bundle 29 gave two exact birth dates, corrected a given name, and reached GENERATION NINE.	Read it EVEN WHEN THE ACT IS ALREADY IN HAND. At Scilla the register beat the bundle and the bundle then beat the register: it corrected «Setteria» to LITTERIA and settled a five-year age dispute the act could not.
The marginal annotation	Italian-era birth acts, both countries	A column beside the act, filled in decades later, recording the subject's marriage: «unita in matrimonio con X di Y con atto del <date> iscritto in <comune>».	It identifies by SPOUSE, which is usually the one thing already known. One crop eliminated the only Maria Nicotra born at Piedimonte in 1875 -- she married a Nicito there in 1891.	A PRESENT annotation is free evidence; a BLANK one is silence. Giuseppe Arena demonstrably married at Scilla in 1885 and his box is empty. And the box moves: left column in 1852-53, right in 1860.
The register index, at s_size=500	Antenati, any comune	`?localita=X&s_size=500` returns a comune's whole holding in one page load, fondo by fondo.	It is how Piedimonte turned out to have 457 registers where this archive had listed 103, and how nine volumes of Riveli di anime e di terre from 1714 were found at all.	500 IS THE CEILING and above it the request times out, so a listing can silently be a SAMPLE. The true total is in the result facets as «Archivio di Stato di … (N)». Compare the two. And `?citta=` returns zero in silence.
The container fetch, from inside the origin	Antenati	The ark-to-container step is what the image server needs, and it normally costs a rate-limited page load apiece.	Fetched in page context from a tab already on the origin, six at a time and five seconds apart: twenty-one containers in one sitting with no 403, where twenty-one navigations would have locked the session out repeatedly.	IMAGES ARE NEVER THROTTLED, HTML ALWAYS IS. When the limiter bites, switch to image work -- two whole unindexed volumes were read while it was down.
The Riveli di anime e di terre	Sicily, Deputazione del Regno -- Piedimonte has 1714 and 1747-1752	A household tax return sworn by the head of the house: the house, the head, his wife, his children. A century before civil registration in Sicily.	The 1747-48 volume opens with fourteen images of alphabetical index, letter tabs cut into the fore-edge. Folio = image - 16 in that container.	THE INDEX IS BY GIVEN NAME, so there is no shortcut to one surname. AND AT PIEDIMONTE ONLY THE HEAD'S AGE IS GIVEN -- the wife and children are named and not aged. It gives the household and the house, not birth years.
The Queensland BDM download endpoint	Queensland, births 1829-1926, marriages to 1951, deaths to 1996	`downloadSearch` returns a whole result set as CSV in one GET, with the MOTHER and PARENT columns.	Sweeping NICOTRA and three spellings of CASSANETI showed that «Cassaneti» appears exactly ONCE in the entire Queensland index -- on the registration this archive took the spelling from.	IT REFUSES CURL WITH A 403 and works from inside the site's own origin. `fathersname` and `mothersname` RANK, they do not FILTER. And the windows CLOSE -- a 1949 migration is outside the birth window entirely.
NAA RecordSearch item titles	Australia, alien registration after 1945	The item TITLE carries the particulars, so a NameSearch settles a question even when nothing is digitised: «Mazza [nee Nicotra], Maria -- arrived Sydney 20 April 1962».	One line gave a maiden name from an Australian government record and an arrival the family tree did not have, for a woman fourteen years of Italian birth indexes had failed to find.	Run it on the MARRIED surname AND the maiden name before sweeping any Italian comune. A birthplace stated by the person outranks one inferred from her husband's town.
