year	comune	act	name	father	fatherAge	mother	street	ark	note
1877	Piedimonte Etneo	164	Mazza Antonino	—	—	—	—	an_ua83490	Index only; act not yet read.
1877	Piedimonte Etneo	168	Mazza Grazia	—	—	—	—	an_ua83490	Index only; act not yet read.
1878	Piedimonte Etneo	—	(none)	—	—	—	—	an_ua83491	No Mazza in the 1878 index at all.
1879	Piedimonte Etneo	167	Mazza Rosaria	Mazza Pasquale	50	Greco Concetta	Via Terremorte	an_ua83492	Act read in full. Born 28 Oct 1879, declared 29 Oct. Married Giuseppe Monforte 26 Apr 1903.
1879	Piedimonte Etneo	205	Mazza Venerio	Mazza Salvatore	34	Greco Concetta	Via Terremorte	an_ua83493	Act read in full. Born 12 Dec 1879, declared 14 Dec. Witness Mazza Antonino, 35. Married Rosaria Greco 16 Nov 1908.
1880	Piedimonte Etneo	66	Mazza Gaetano	—	—	—	—	an_ua83494	Index only; act not yet read.
1881	Piedimonte Etneo	—	(none)	—	—	—	—	an_ua83495	No Mazza in the 1881 index at all.
1879	Mascali	—	(none)	—	—	—	—	an_ua81758	No Mazza in the 1879 index at all.
1879	Giarre	—	(none)	—	—	—	—	an_ua80924	No Mazza in the 1879 index at all.
